Lilian,Rivera
Aurelia,Travis
Lela,Logan
Taylor,Stowers
Brenda,Vazquez
Ina,Bass
Dionne,Dale
Bertha,Madden
Lula,Ramsey
Tabatha,Hartman
Viola,Turner
Toby,Flora
Lacey,Phillips
Robbie,Mooney
Allie,Hayden
Kendrick,Allman
Russell,McCarty
Carole,Gilliam
Avis,O'Donnell
Leila,Herman
Shawn,Miles
Shannon,Santos
Rhonda,Bush
Juliette,Gomez
Jody,Gaines
Inez,Mayo
Ellen,Moreno
Lesa,Willis
Donovan,Thames
Sean,Witcher
Sherri,Lancaster
Dudley,Zambrano
Gregory,Hargett
Theodore,Bettencourt
Ian,Salyer
Wayne,Dulaney
Cherry,Hobbs
Emmett,Musselman
Dawn,Fields
Andres,Montez
Geoffrey,McIntosh
Jackie,Barber
Pansy,Byers
Bertie,Levy
Iva,Morse
Salvador,Broadnax
Dale,Hartnett
Lelia,Simon
Salvador,Leak
Alejandra,Sweeney
Bernice,Watkins
Angelica,Robinson
Katy,Ramos
Mercedes,Henson
Lakeisha,Salas
Ashley,Flynn
Marlin,Barela
Lenora,Peck
Becker,Perea
Gloria,Hutchinson
Constance,Snyder
Robin,Christian
Ruthie,Callahan
Lee,Theriault
Latoya,Hawkins
Lizzie,Hopper
Elise,Mathews
Israel,Clouse
Marcos,Guay
Bruno,Madera
Robyn,Dorsey
Allyson,Hoover
August,McLean
Marjorie,Watson
Irving,Archie
Sharlene,Monroe
Aline,Bonner
Nola,Lowery
Sheri,West
Patrice,Leach
Sonia,Hampton
Tricia,Walter
Minnie,Palmer
Taylor,Watts
Kaitlin,Durham
Charmaine,Hopkins
Leta,McGee
Leigh,Bradshaw
Dexter,Stitt
Dolly,Ware
Angelica,Figueroa
Roberta,Sanders
Ada,Buck
Mary,Fowlkes
Lena,Pacheco
Willard,Keyser
Bobby,Mulkey
Jerry,McNeil
Jeffery,Harless
Leonor,Harper
Drew,Wallin
Christina,McPherson
Agnes,Roberts
Rebecca,Randall
Tessa,Henry
Amy,Reed
Roslyn,McClure
Muriel,Donaldson
Emmanuel,Marchand
Florine,Miles
Loraine,Holland
Shawn,McLaughlin
Valarie,Durham
Chester,Schenk
Lilia,Roberts
Sonja,Goff
Lacy,Underwood
Priscilla,Guerrero
Aisha,Snyder
Dolores,Zamora
Sasha,Beach
Norris,Magnuson
Stefan,McConnell
Patsy,Lindsey
Judy,Williamson
Ella,Long
Elton,Pape
Amie,Terrell
Orlando,Sacco
Florine,Wynn
Nadia,Beard
Alta,Henson
Heidi,Flowers
Dianna,Rivas
Mario,Fellows
Toby,Schreiner
Becker,McGuire
Carly,Kennedy
Stephen,Deyoung
Ana,Nieves
Lillian,Mendoza
Hallie,Lott
Pat,McKenzie
Mercedes,Grant
Hiram,Stackhouse
Noreen,Fulton
Frank,Wyant
Patricia,McLeod
Stella,West
Angelique,Lynch
Harrison,Cazares
Lonnie,Montenegro
Darcy,Schroeder
Maurice,McCall
Phoebe,Roach
Hillary,McCray
Efrain,Matteson
Magdalena,Prince
Heriberto,Antonio
Petra,Moody
Cecilia,Becker
Charlene,Castro
Hillary,Santiago
Ian,Pinkerton
Alphonso,McCall
Dolly,Rocha
Grace,Pollard
Colleen,Fuller
Randal,Bottoms
Rita,Thomas
Miles,Barringer
Elsie,Bishop
Theodore,Conners
Leta,Pitts
Mabel,Ewing
Janet,Moreno
Robert,Conte
Marina,O'Neil
Dorthy,Abbott
Rita,William
Valarie,Colon
Earline,Lane
Lilia,Nieves
Cara,Hubbard
Carlos,Stonge
Dexter,Boyette
Dewayne,Goolsby
Fredrick,Guess
Wendell,McCray
Russell,Chinn
Chris,Olive
Kaitlin,Wilder
Antonio,Grider
Claudette,Reid
Taylor,Peltier
Glenna,Sherman
Antonia,Watson
Letitia,Kelly
Salvatore,Toscano
Lara,Chandler
Jan,Henderson
Amber,Rollins
Tracy,Paulk
Anton,McCall
Louisa,Merrill
Pat,Fredrick
Norris,Hatley
Paula,Payne
Amparo,Cummings
Clifton,Thorp
Charlene,Vaughn
Alvaro,Bracken
Chrystal,Lambert
Fran,Joseph
Dean,Alfonso
Monte,Flanigan
Edwin,Sacco
Lynnette,Meyer
Jeff,Moten
Lynette,Cummings
Serena,Horn
Jay,Wallin
Jean,Rivas
Tonia,Snider
Garland,Fredrick
Audra,McLean
Todd,Saul
Brett,Lock
Joan,Stevens
Darla,Huffman
Rob,Stoker
Wayne,Silvers
Melisa,Lucas
Meghan,Moody
Toni,Christensen
Beryl,Blanchard
Caroline,Austin
Evangeline,Silva
Victor,Glaze
Ismael,Ceja
Dorothea,Hogan
Anna,Boone
Cecile,Jordan
Kevin,Banner
Angel,Warren
Darcy,Bradley
Floyd,Danforth
Wendy,Tran
Millicent,Hines
Phyllis,Heath
Myrna,Justice
Luella,Lowery
Geraldine,Ellis
Wilbur,Weddle
Marshall,Eagle
Hal,Stackhouse
Bonnie,Sandoval
Kellie,Matthews
Wilfredo,Greathouse
Brooke,Warner
Kim,McIntyre
Christopher,Lawhorn
Summer,Spencer
Louella,Rosa
Sophia,Drake
Janis,Madden
Bethany,Rowe
Darius,Langer
Florine,Doyle
Anita,Barnes
Maritza,Moses
Lynnette,Ball
Erma,Price
Zachary,Rincon
Denise,McClure
Katy,Salinas
Murray,Rohde
Sherri,Navarro
Van,Ledet
Alissa,Lawrence
Bertha,Pearson
Quentin,Race
Angel,Brookins
Noelle,Lester
Murray,Wortham
Kathrine,Velez
Grace,Alford
Morgan,Carson
Gabriel,Howes
Alonzo,Hedgepeth
Terrance,McKinney
Randall,Groce
Burton,Sebastian
Vincent,Quillen
Frank,Barden
Mildred,Holman
Juliet,Atkinson
Maryann,Cooley
Lois,Valencia
Rafael,August
Natasha,Blackwell
Silas,Cooksey
Hallie,Mathews
Christi,Waters
Colleen,Harrington
Marcel,Dodds
Lindsay,Horton
Bennie,Theriault
Malcolm,Mast
Therese,Lara
Opal,Moon
Brittany,Manning
Kathie,Hurst
Josh,Jasso
Byron,Ashmore
Maryann,Maynard
Jewell,Ball
Darla,Wolfe
Lilia,Chen
Kristie,Patton
Williams,Word
Mona,Lopez
Francesca,Booker
Lester,Kellum
Ofelia,Reid
Heather,Rowe
Julia,Key
Kasey,Larsen
Luke,Brookins
Myrna,Pennington
Doris,Guthrie
Louella,Kane
Vonda,Cooke
Jayne,Cantrell
Shannon,Guerrero
Mavis,Puckett
Janelle,Cotton
Earline,Yates
Freddy,Phillip
Kate,Conley
Karla,Durham
Goldie,Jenkins
Bill,Lew
Wallace,Fortney
Kelsey,Salinas
Andre,Gaylord
Billie,Rayford
Jon,Fryer
Pat,Cambell
Brianna,Woodard
Wendi,Pope
Fern,Harper
Ollie,Tibbetts
Katheryn,Hinton
Pansy,Riddle
Katrina,Lewis
Stephanie,Park
Fredrick,Dabney
Enid,Guy
Angelica,Mills
Jewel,Nixon
Charmaine,Murray
Jerry,Spence
Jackson,McPherson
Margie,Vasquez
Austin,Skeen
Fran,Hogan
Vern,McGowan
Bernice,Sexton
Helen,Kent
Elliott,Loftus
Mae,Langley
Esmeralda,Johnson
Isabella,Moody
Willis,Montez
Joseph,Chau
Francine,Hoover
Orlando,Fenwick
Joyce,Roy
Maynard,Guido
Adele,Cobb
Moses,Cothran
Harold,Fredrickson
Amie,Rogers
Amparo,Porter
Essie,Moreno
Harvey,Cress
Cheryl,Mosley
Rosemarie,Decker
Tracie,Ayers
Sharlene,Ellison
Angel,Keyser
Sylvia,Cochran
Georgina,Stokes
Vonda,Faulkner
Mathew,Fries
Lakisha,Perry
Chad,Andre
Judy,Whitaker
Faith,Acevedo
Latasha,Joyce
Mildred,Bullock
Russel,Fabian
Sarah,Browning
Nestor,Horst
Stewart,Danforth
Susie,Reyes
Rod,Folk
Devin,Crumpton
Stacy,Eads
Delbert,Grider
Amalia,Griffith
Lorena,Cain
Grant,Durand
Mack,Dodds
Howard,Markley
Olive,Wilkerson
Clarice,Wagner
Russell,Corbitt
Elvin,Thornburg
Karla,Malone
Karl,Vanover
Letha,Weiss
Leonor,Henry
Sabrina,Dawson
Santiago,Storm
Polly,Buchanan
Leola,Clark
Kendra,Pratt
Josephine,Herman
Otis,Markley
Autumn,Fischer
Eugene,Saxon
Rafael,Dionne
Kim,Mooney
Wayne,Peeler
Mavis,Bryant
Sherrie,Gaines
Don,Pellegrino
Madeline,Walsh
Bryan,Lew
Tabatha,Ayala
Lourdes,Colon
Julianne,Dickerson
Rosemary,Horn
Irwin,Gower
Helen,Deleon
Catherine,Vazquez
Jacklyn,Delaney
Judy,Hunt
Maria,McFadden
Clara,Martinez
Edmond,Seale
Olivia,Hewitt
Guadalupe,Martinson
Lynn,Hinton
Diana,Holden
Queen,McLeod
Lorrie,Tyson
Saul,Gearhart
Jeanette,Williamson
Lynn,Ashley
Carol,Gardner
Beatriz,Hardin
Ronald,Collado
Rory,Orton
Nickolas,Desjardins
Juliet,Reeves
Cindy,Bailey
Leo,Rivard
Bobby,Brookins
Jana,McKee
Gene,Alfred
Nicolas,Loya
Eloise,Graham
Hallie,Hood
Roxie,Skinner
Leticia,Rodriquez
Kristine,Potter
Jill,McClure
William,Chinn
Art,Foret
Jayne,Rutledge
Sheree,Webb
Frank,Mundy
Lydia,Miranda
Terrence,Freese
Sam,Hillard
Joel,Angulo
Rosie,Kirkland
Mollie,Owens
Ross,Sebastian
Janell,Monroe
Jamal,Bays
Eric,Guido
Deanne,Barrera
Denis,Pender
Jeffrey,Laroche
Pat,Gamble
Mia,Tran
Erwin,Hoke
Alissa,Strickland
Ginger,Ballard
Louise,Wilder
Carly,Walsh
Staci,Abbott
Bette,Crosby
Sheri,Galloway
Tammy,Ford
Frieda,Humphrey
Marie,Fletcher
Jason,Terrill
Jessica,Moody
Angelina,McDonald
Ernie,McCullough
Dena,Kahn
Erika,Tran
Elias,Gaytan
Eli,Rome
Angel,Cannon
Amy,Solis
Fabian,Penrod
Gordon,Gilbertson
Serena,Dean
Rene,Orth
Cherie,Sullivan
Brandy,Kim
Lakisha,Rhodes
Cara,Alvarez
Anita,Poole
Leigh,Willis
Robyn,Barr
Marlene,Walters
Lila,Jennings
Stacy,Conners
Harry,Roussel
Luke,Hardaway
Terence,Brim
Hugo,Enright
Kristine,O'Neill
Sharon,Burch
Lena,George
Roosevelt,Brim
Elijah,Gabbard
Leon,Soileau
Shawn,Ball
Luisa,Murphy
Ignacio,Kohn
Leslie,Richmond
Ethan,Derosa
Ethan,Montez
John,Hudspeth
Beryl,Campos
Fran,Gutierrez
Norbert,Jarman
Sherrie,Jackson
Virginia,Moran
August,Daughtry
Bertha,Sexton
Harrison,Bechtel
Fay,Hancock
Leonardo,Dugas
Merle,Knotts
Ulysses,Bettencourt
Don,O'Shea
Cleveland,Macmillan
Roberto,Mahaffey
Brooke,Sims
Sherri,Floyd
Pierre,Schenk
Cecelia,Shaffer
Kristine,Frederick
Kellie,Dickson
Ursula,Cole
Lillie,Richardson
Janine,Serrano
Mai,Haynes
Tamera,Velez
Pearl,Conner
Reuben,Word
Isaac,Lew
Eddie,Sharp
Jimmie,Keyser
Kristi,Stuart
Juana,Strickland
Lourdes,Bullock
Reva,Miles
Graciela,Carver
Sylvia,Norton
Elvis,McMillan
Bianca,Singleton
Deanne,Santiago
Marco,Luong
Claire,Tate
Shawn,Strom
Jody,Ball
Maria,Coleman
Hubert,Broadnax
Ernie,Fellows
Sterling,Mazza
Cedric,Holtz
Truman,Holtz
Corina,Dickson
Jeremy,Groff
Mauricio,Ramsay
Salvatore,Tafoya
Rosella,Bullock
Terry,Mayer
Jenifer,Navarro
Judy,Valdez
Ismael,Justus
Roberta,Fields
Pat,Peltier
Toni,Gonzalez
Eleanor,Forbes
Gerry,Caban
Arlene,McCarty
Vicente,Desjardins
Irma,Burns
Alicia,Munoz
Janna,Frye
Myrna,Delgado
Maya,Walls
Noemi,Dawson
Imogene,Bond
Wilbur,Lew
Heath,Swearingen
Bernardo,Falls
Nadine,Rodriguez
Goldie,Silva
Arline,Mueller
Tanya,Huber
Ronda,Rivas
Jasmine,Gross
Margret,Burris
Luke,Leeper
Kathie,Beach
Francisca,Perez
Julianne,Sherman
Lourdes,Figueroa
Roslyn,Horne
Kitty,Harvey
Devon,Sperry
Steven,Thames
Kris,McClure
Freida,Cunningham
Pat,Petersen
Penny,Snider
Sue,Serrano
Norman,Rhyne
Flossie,Guthrie
Sharron,Shields
Luke,Razo
Flora,Jacobson
Vernon,Sabo
Ignacio,Scribner
Cristina,Hicks
Adele,Mullins
Christie,Rush
Barbra,Benton
Dion,McClain
Rick,Stansberry
Vera,Perez
Jill,Velasquez
Russell,Groff
Elias,Hargett
Patti,Yates
Christopher,Fulkerson
Leanne,Dickerson
Cathy,Carey
Ana,Brennan
Meagan,Bean
Rafael,Benefield
Raquel,Palmer
Marlon,Clouse
Meredith,Benson
Suzette,Campos
Bryant,Paulk
Dean,Hardee
Glenn,Wallin
Weldon,Troy
Shauna,Bradford
Janine,Cotton
Elise,Conner
Petra,Marquez
Minerva,Atkins
Bianca,Nixon
Evelyn,Conner
Andrew,Dominquez
Eddy,Leeper
Todd,Krug
Tamika,Blanchard
Maura,Daniel
Aileen,Duke
Ashley,Brady
Noelle,Russo
Ladonna,Watts
Kendrick,Flemming
Carissa,Jackson
Colin,Bechtel
Isaac,Angelo
Paulette,York
Kelli,Brennan
Alexis,McGowan
Murray,Guay
Nona,Dudley
Lilly,Farmer
Larry,Folk
Jerry,Hyde
Chasity,Beck
Erna,Fox
Kendrick,Hermann
Dudley,Mayers
Juanita,Horn
Ada,Massey
Wilfredo,Everson
Jacqueline,Strickland
Clyde,Cowley
Goldie,Stephenson
Genevieve,Nichols
Dan,Mahaffey
Jarrod,Fulkerson
Gary,Surratt
Doris,Petersen
Heriberto,Greathouse
Grover,Damon
Andres,Collette
Alyssa,Noel
Bertha,Copeland
Young,Alvarado
Etta,Perez
Jana,Ferrell
Leo,Tejeda
Ramona,Bryant
Megan,Atkinson
Jody,Vieira
Lucas,Stroup
Chester,Damon
Ty,Mundy
Eunice,Sears
Javier,Olivo
Angie,McGowan
Monique,Coffey
Marietta,Davidson
Thelma,Wood
Bertha,Compton
Jerome,Seiler
Dale,Mattos
Jeri,Calhoun
Mamie,Pena
Corine,May
Kenneth,Schindler
Rae,Walters
Rex,Irons
Lolita,Chen
Rudy,Hair
Walter,Aguayo
Maggie,Roman
Ophelia,Watts
Toni,Branch
Nona,Buckley
Evan,Nowell
Ramon,Vandiver
Beau,Carmack
Dawn,O'Donnell
Kristie,Sellers
Mona,Russell
Alisa,Bowman
Earlene,Burton
Scott,Laroche
Joanne,Mosley
Opal,Bender
Darius,Sperry
Tiffany,Hurst
Clifford,Reinhart
Danny,Saddler
Evangelina,Bradford
Berta,Knight
Benita,Livingston
Elise,Harding
Tanya,Bryan
Eula,Conrad
Erma,Chapman
Jesse,Saul
Marquita,Browning
Mayra,Bonner
Colette,Gilbert
Katheryn,Chan
Iva,Delgado
Marco,Fried
Pearlie,Winters
Patricia,Hewitt
Kathleen,Melton
Elaine,Rowland
Basil,Donley
Cecil,Bartels
Bryce,Carrera
Opal,Frederick
Graciela,Day
Holly,Hester
Gina,McLean
Frank,Bisson
Brendan,Vanover
Terry,Gaines
Miranda,Avery
Mable,Tanner
Elton,Bowler
Louisa,Campbell
Elisa,Michael
Donovan,Novotny
Anita,Harmon
Fern,Cohen
Vincent,Stowers
Delbert,Clouse
Enid,Copeland
Donnell,Ulmer
Benjamin,Ingraham
Chasity,Frederick
Luann,Kim
Cathryn,Gould
Leah,Hoover
Cynthia,Lindsay
Nelda,Austin
Woodrow,Thorp
Beryl,Bonner
Matilda,Best
Tammi,Golden
Karen,Kemp
Araceli,Graham
Constance,Terry
Rosanna,Hull
Brianna,Riddle
Calvin,Catlett
Clement,Corbitt
Nicole,Valencia
Simone,Camacho
Monty,Towle
Bradford,Fredrick
Freida,Randall
Juanita,Steele
Rodney,Whiteman
Eloise,Ellison
Felecia,Dale
Jacob,Scribner
Shelia,Kline
Emmanuel,Deberry
Alyson,Gibson
Chasity,Wright
Abel,Robledo
Sallie,Ayers
Son,Freese
Guadalupe,Block
Debra,Richards
Susie,Strong
Wendell,Schoonover
Natasha,Hoffman
Myrtle,Sargent
Ramona,Hoffman
Caitlin,Myers
Erika,Ball
Grady,Gall
Tricia,Whitfield
Helena,Reilly
Adele,Joseph
Gay,Salinas
Jeremiah,Blanks
Esther,Burns
Lillie,Neal
Bob,Howerton
Dawn,Potts
Aurelia,Henry
Tony,Maxfield
Keisha,Bridges
John,Grimes
Jess,Pedigo
Adeline,Terrell
Reyna,Lynch
Alberta,Koch
Owen,Sayre
Olga,Henderson
Renee,Farmer
Courtney,Wick
Francine,McIntyre
Ericka,Barrera
Aurelia,Graves
Nathaniel,Lew
Leona,Haynes
Tia,Lewis
Geneva,Hayden
Hollie,Bowers
Galen,Rivero
Connie,Peck
Quentin,Bechtel
Pamela,Fields
Hope,Carr
Brandi,Conley
Eleanor,Atkins
Leanna,Montgomery
Bobbi,Walls
Olivia,Floyd
Royce,Settles
Tracie,Adams
Rosalinda,Glass
Melva,McConnell
Randall,Gooding
Tommy,Hartnett
Cesar,Fredrick
Ethan,Haddad
Leon,Bilodeau
Gabriel,Fellows
Deann,Todd
Miranda,Simon
Adam,Durand
Ty,Alfred
Williams,Baxley
Aisha,Mason
Evelyn,Holt
Shawn,Carbajal
Rae,Russell
Stella,Bowers
Donovan,Ledet
Sanford,Conger
Gabriela,Guy
Vickie,Benton
Quentin,Gainey
Cristina,Hubbard
Susanne,Patel
Glen,Deberry
Isabella,Barr
Betty,Sosa
Alisha,Hubbard
Reva,Wells
Pearl,Huff
Josie,Gould
Nola,Cline
Angelita,Yang
Kelly,Monroe
Thurman,Strader
Galen,Roundtree
Orlando,Salerno
Pearl,Scott
Alyson,Ware
Kendrick,Maple
Kyle,Lock
Craig,Rivero
Lawrence,Pichardo
Ruben,Albritton
Blanca,Singleton
Carmen,Noble
Lucas,Labonte
Esperanza,Greer
Maurice,Guido
Virginia,Kim
Erma,O'Neill
Jerome,Wyant
Braydon,Irons
Samuel,Yoo
Fran,Rasmussen
Janie,Shepherd
Merle,Nielsen
Margie,Webster
Marty,Soper
Minerva,Donaldson
Janie,Shindell
Sybil,Patrick
Kelli,Cantu
Daisy,Burgess
Bobbie,Hickman
Cathy,Spears
Esperanza,Mitchell
Lea,Harrell
Noelle,Crawford
Andy,Ashmore
Johnnie,Coppola
Kitty,Jimenez
Therese,Blake
Miranda,Stanley
Kenny,Fredrick
Meagan,Greene
Leah,Haley
Kristi,Compton
Herbert,Howerton
Alexis,Levy
Tamera,Cantu
Randi,Watson
Vicky,Cote
Arline,Durham
Javier,Clegg
Mollie,Cummings
Saundra,Hamilton
Nelda,Deleon
Ladonna,Rojas
Maricela,Alvarado
Marilyn,Barnett
Alisha,Potter
Elwood,Cambell
Lula,Weaver
Kathie,Holland
Sophie,Clemons
Galen,Roussel
Truman,Badillo
Jan,Odom
Barney,Roussel
Eula,Ellis
Johanna,Stein
Enid,Vincent
Muriel,Conway
Norma,Harris
Ricky,Hyland
Alfredo,Gass
Trent,Pitcher
Laurie,Gibson
Devin,Flanigan
Alton,Mundy
Abel,Cowles
Melody,Perez
Polly,Sloan
Enrique,Windsor
Doug,Daughtry
Mallory,Roth
Deann,Bates
Malcolm,Necaise
Melba,Owen
Alexandria,McKay
Ralph,McCoy
Laurie,Logan
Alana,Sloan
Jerry,Ratliff
Buddy,Brookshire
Bette,Witt
Pansy,Booth
Angelo,Ferrari
Brandie,Tran
Lela,Thornton
Pamela,Holmes
Effie,Howe
Mark,Irons
Tricia,Day
Gracie,Morrison
Brigitte,Allison
Summer,Frank
Cesar,Luong
Mallory,Spears
Alberta,Cote
Imelda,Compton
Esteban,Madigan
Ralph,Golding
Lorna,Burris
Carly,Baldwin
Elba,Santana
Ivan,Frizzell
Frankie,Turner
Tamika,Vaughan
Dan,Lamontagne
Lorraine,Petersen
Gloria,Flowers
Pete,Corwin
Casandra,Aguirre
Chrystal,Fry
Drew,Rayford
Wilda,Trevino
Celeste,McDowell
Maryann,Hanson
Ruth,Haney
Martin,Olds
Marla,Hayes
Liz,Romero
Paulette,Henry
Catalina,Conway
Janet,Figueroa
Deanna,Pearson
Henry,Flournoy
Rosalinda,Davidson
Karla,Downs
Angelina,Simmons
Opal,Spears
Odessa,Buck
Marietta,Burgess
Misty,McGee
Hattie,Delgado
Rena,Fitzpatrick
Audra,Yang
Iva,Merrill
Krystal,Vaughn
Fern,McIntosh
Matilda,Barron
Ira,Whyte
Anne,Keith
Gerald,Reitz
Edwina,Emerson
Willa,Davis
Katheryn,Abbott
Marlene,Randall
Lorrie,Richmond
Rosalyn,Daniel
Cecelia,Moss
Jeannine,Park
Rene,Abner
Kasey,Lawrence
Kaitlin,Patton
Millie,Meyers
Mack,Pender
Dionne,Tillman
Timothy,Sellars
Tasha,Gilmore
Frieda,Middleton
Rebecca,Shindell
Leland,Godinez
Salvatore,Fellows
Nola,Carlson
Angelique,Randall
Angelo,Brim
Gale,Dickson
Kirk,Stackhouse
Stefanie,Castillo
Hope,Douglas
Brooke,Ballard
Carissa,Rich
Isaiah,Ackley
Kelley,Dennis
Adela,Tyler
Rosemarie,Coffey
Katrina,Navarro
Nolan,McLean
Fran,Marquez
Darcy,Gross
Barbra,Combs
Eugenia,Price
Damian,Lowman
Miranda,Ramos
Conrad,Carswell
Joanna,Ballard
Allison,Navarro
Sean,Dingle
Jerri,Hudson
Courtney,Miller
Kathryn,Wooten
Leigh,Torres
Harold,Goolsby
Lila,Acevedo
Tomas,Flora
Bruce,Seale
Mitzi,Bray
Lucile,Preston
Bernice,Hart
Noelle,Gamble
Melisa,Maxwell
Lydia,Moon
Jared,Somerville
Bobbie,Brady
Jeffry,Bucher
Summer,Lester
Gladys,Johnston
Carey,Sun
Kristopher,Wick
Kelley,Suarez
Dixie,Ray
Gilbert,Rivard
Mara,Mosley
Anastasia,Burks
Charlie,Jerome
Moises,Pomeroy
Arthur,Criswell
Tammy,Henderson
Carroll,Loftus
Homer,Roundtree
Gloria,Pierce
Donovan,Horsley
Viola,Travis
Tamera,Franklin
Minnie,Perkins
Vern,Wortham
Yvonne,Dennis
Nickolas,Quillen
Jackson,Brookshire
Shelby,O'Shea
Staci,Perry
Ester,Nicholson
Lydia,McClain
Lilia,Kerr
Darrel,Lees
Gilbert,McLaughlin
Trisha,Estes
Juliet,Blair
James,Burris
Alberto,Bilodeau
Silas,Sigmon
Julia,Shaffer
Tracie,Chan
Mona,Sanchez
Thelma,Higgins
Fredrick,Oquendo
Pearl,Flowers
Adeline,Johns
Catherine,Pitts
Darwin,Dibble
Blanca,Dillard
Lois,Melendez
Nicole,Odom
Marcella,Avery
Jay,Groce
Tina,Mullen
Mattie,Walter
Lina,Tucker
Daniel,Somerville
Molly,Stanley
Frankie,Jefferson
Valarie,Stevenson
Marian,Hodges
Marisa,Anthony
Sidney,Gaylord
Benny,Giron
Alice,Frost
Laurel,Reilly
Rita,Snider
Ramiro,Hair
Nolan,Kish
Roosevelt,Skeen
Winnie,Langley
Esther,Emerson
Marquita,Cooper
Jeffery,Simone
Darlene,Branch
Elvia,Juarez
Charlene,Reese
Margarita,Dudley
Rose,Nelson
Clark,Driggers
Patricia,Gonzalez
Krystal,Everett
Suzette,Huber
Demetrius,Mast
Katherine,Mitchell
Corine,Solomon
Flossie,Compton
Jaime,Rodgers
Lesley,Maynard
Casandra,Diaz
Tomas,Donley
Florence,Lancaster
Molly,Cobb
Adrian,McKay
Jillian,Cote
Kelli,Nolan
Marilyn,Dunlap
Sheila,Hines
Lacy,Hicks
Irvin,Bettis
Juliana,Knowles
Jordan,Eagle
Muriel,Nash
Austin,Caraway
Mamie,Todd
Terrell,Totten
Dewayne,Mulkey
Erica,Shindell
Tracie,Sexton
Annabelle,Riddle
Lilly,Wyatt
Jonathon,Fulkerson
Jamie,Barrera
Ina,Townsend
Sondra,Pace
Rodney,Kohn
Carla,Savage
Gregg,Lew
Dolly,Pickett
Neva,Barton
Trisha,Petersen
Alexander,Drayton
Anna,Howell
Naomi,Duncan
Petra,Boone
Salvador,Barela
Clinton,Vieira
Harvey,Hutson
Jacklyn,Farrell
Shauna,Key
Jackie,Passmore
Agnes,Lewis
Lance,Whiteman
Tami,Kinney
Tomas,Loya
Becky,Harper
Elliot,McKenzie
Eileen,Nixon
Cecilia,Jefferson
Sophia,Moody
Mabel,Tyler
Rodrigo,Deane
Jodi,Tucker
Bianca,Stephens
Morgan,Hernandez
Brandie,Clark
Nelson,Flanigan
